username,address,award
dummy01,0xb4124cEB3451635DAcedd11767f004d8a28c6eE7,1500000000000000000000000
dummy02,0x7b6C819e9db25c302A9adD821361bB95524023D7,1500000000000000000000000
blockduane,0x6d609ee3e7ea328d0c52d046a68a47292fce1b56,1500000000000000000000000
carlslarson,0x95D9bED31423eb7d5B68511E0352Eae39a3CDD20,1500000000000000000000000
drknudy,0x7d91f63DF3f79A1Fe607633ffEBAacd331FCfbcB,1500000000000000000000000
Skiiw,0xFE3dd3d127E6e35cE62a58dcEd320A959e5c5818,1500000000000000000000000
leoleo1994,0xa7c541720Ad95680aF5B96BF777e928339B6b215,1500000000000000000000000
cymalleb,0x2c6A9A796c6702b72126F63598aAd7e80C33E4dA,1500000000000000000000000
cavkie,0x7cb97017837Cc03df712F6F37b521e8089188005,1500000000000000000000000
Nicklovinn,0xeF35757f52d4a49C7B97CC98f00f08Ea9A7Ec4BE,1500000000000000000000000
gynoplasty,0xe5e5c9172903Fb9d1aF2585BEf71833D35d89F02,1500000000000000000000000
doppio,0x8e5737F6Bf8378ed8D0027Be9d21b2b976DAdf1B,1500000000000000000000000
ThisGoldAintFree,0x11436e0F762a5eE4B9EB847d28C4b272C2e5b870,1500000000000000000000000
altdrone,0x3a4f910163857998cecb789A799779D8916d5019,1500000000000000000000000
CosmicVo,0x63B13f4b07Aa98800b0bC928066D79adC7Abd1CA,1500000000000000000000000
justafrenchasshole,0xde014fd27798271Eac019b249f336B42bC1e6F64,1500000000000000000000000
orangesphere,0xC04b65beB404Fd42f412F2B202f5027F799b17fe,1500000000000000000000000
oblomov1,0x6a6fF77522DD23CEa205B052241f99fC1DDca1DA,1500000000000000000000000
Monko760,0x137D16aD1eF2E06007F7F7C6B4Ad501d28d7615d,1500000000000000000000000
flinch85,0x9F72e2e9Bc0e9FC1068D9F33a43E0e7b4DC8bb33,1500000000000000000000000
CryptoCuss,0xE27B617e56d91c326D2E42ad7bD0B8E72cEd7392,1500000000000000000000000
Thathathatha,0xC4161806BF4D6668d771a9bcc61074dC44378d89,1500000000000000000000000
braden87,0xc96F541c3c214aA8C9320869F781442b0Ed5919a,1500000000000000000000000
YoItsJoel,0xa05dEe18050b5B1858d2320512Cda73173Dfd12e,1500000000000000000000000
mightypenguin07,0x962cC17825dA76A6457B5F8842f86134a32546d3,1500000000000000000000000
Jethro82,0x713CA86AF3dA0A0474B01A3e0ce0d6DB00cAe99e,1500000000000000000000000
emergepython,0x06d89621871BD530F1287fa303DCed5b48256DB9,1500000000000000000000000
Heisenberg044,0xdC5251fa5fF34B6fB26C9bD00662a36ca23BCB05,1500000000000000000000000
archher,0xC2578d41611C52f06E28FccFcdC6048765Dbd677,1500000000000000000000000
3esmit,0x9c9Ab63204ce5A014369934f98a2030881C9E5c8,1500000000000000000000000
againer,0x8717e880f3461Ac345D820Bce9FA2F05b3d1b813,1500000000000000000000000
OultimoChampion,0x29628D9feADDDe06b51c8471A61Ce111d1E56874,1500000000000000000000000
outbackdude,0x0b0756ADD59743F7587b5C30EF5AC1F4B97508Ab,1500000000000000000000000
Odds-Bodkins,0x81e804d3342b1724717f4ddee3b8aa90a5afe62b,1500000000000000000000000
UseForOneYear,0x7BbFE266765b4C40714A07f04D33f0eD051C3Aa8,1500000000000000000000000
laughncow,0xe06694d6e5d13Ee90A6a8FE6554c1b7b102eA081,1500000000000000000000000
CurrencyTycoon,0xF5EC0ec4770802475dFA6381f1935D70b6217099,1500000000000000000000000
TheReasonabilists,0x08aAffa0f64a11fC02B1869E7410493D95f5660f,1500000000000000000000000
Dunning_Krugerrands,0x00cA6F17801C0F53a89211d25849147A3fBaCdDB,1500000000000000000000000
kadauserer,0x4e91f662386302D1f5C0c144A878e8A74F81b52c,1500000000000000000000000
C1t1zen_Erased,0xCAe215eab8f4Ad7BC401d958F0ECAB173267B24A,1500000000000000000000000
pakmann,0x0211a4Eea9D9511B18466df063B4C5AD3F5981E0,1500000000000000000000000
greencycles,0xb0b902A3C199487Fc5436729c51B0863213B09C9,1500000000000000000000000
mikeatgl,0xCAB704fd901016D3883CBA140E201EbeC7E198f4,1500000000000000000000000
provatidis,0xf10EFd52a9F9f434b316963A87dfD4104A33cAd0,1500000000000000000000000
OneSmallStepForLambo,0x003d8A71347167Afe7ef5914Ce80AC8fDdCd1bCd,1500000000000000000000000
vandeam,0x2De29993Fe6cD267f1Cb29eDcC18E901113fb483,1500000000000000000000000
ToHodlOrNotToHodl,0x5DB545c75a2DEA2867273dE79828F15a3593D804,1500000000000000000000000
Aki4real,0x64360600Ab6FB1f09574BA90AA675E2DfE597065,1500000000000000000000000
CarrionCall,0xeA3466b3657dE2DEE121799a73c87ECA23c643C0,1500000000000000000000000
capnal,0xc606f37b70c1a690C92Dcb3fD36a55A7f4da1220,1500000000000000000000000
Real_Fake_something,0xf2ac4b842405d06246dcee24ea60e0de50de6b34,1500000000000000000000000
80brew,0xf4A4fD8b44eF2DC2f7C6c8CB2248696ce380dC6C,1500000000000000000000000
HoofHearted47,0x6FD3D5DC46e49BE296c934b97533123C86229999,1500000000000000000000000
aboitm,0x8ad88087765f5e7d87350c31C4782D23dD96eb8A,1500000000000000000000000
Something_About_Mory,0x5d509395789Cab4ae1642A41ED3F057f5D497025,1500000000000000000000000
yoloehh,0x25592c246f1985949c6E0616A0ad5525D5DEB2ec,1500000000000000000000000
Jesusthegoat,0x1773B64aaE55342A56694D2A0D55Ef76eDdAA68E,1500000000000000000000000
JustinTheCowSP,0xcd59638ed9b1db0ccf3bd072db821a6c02887354,1500000000000000000000000
POSSUM_CUNT,0x145f71b7a87a0EB88d1391f3D56D5ea92A26dF26,1500000000000000000000000
Zangheri,0xa4932280B37de5fceC32232fB378Cbb24275E8f8,1500000000000000000000000
danieltobey,0x3D81Bd84898ff121A483aE0F8958ee27cC61C52c,1500000000000000000000000
danbrk,0x3F62e793B13F385F20Ad189B9684F93584d658f1,1500000000000000000000000
SeaMonkey82,0xA721da3d06813E764E94A23E377cC3E1729fCFD5,1500000000000000000000000
chefbauer,0xF6d0C7Cdf16E7C5dB56101Eb688A8dF5E9e53a08,1500000000000000000000000
deturbanator,0xD62835Fe2B40C8411A10E7980a290270e6A23cDA,1500000000000000000000000
dumplingcompromise,0x2683d80376FDFd9Bef702202584A28664bE1a358,1500000000000000000000000
TheCryptoDivision,0x709d40E907AF6F19c7222E613abEAF63838e5424,1500000000000000000000000
weirdbeard666,0x0b56b4782aD76c2b881f2162b57D8E2be5b16401,1500000000000000000000000
je-reddit,0x1a446f6656f506c0296e20404c982b53688ed04b,1500000000000000000000000
Eat_Lift_EatAgain,0x02edcBeE7760b7Ea2276F4264aDaaFF282b705b3,1500000000000000000000000
bananas6555,0xBAc5fD40C6F128991e6c79e5D2Bb596Fe3022b68,1500000000000000000000000
hendrik_v,0x09F85EF0eec51fe2Eef3B312AA7992C87b3D03f5,1500000000000000000000000
R3TR1X,0x165aF53D1782F129535aAB42426587bb36F7BDFE,1500000000000000000000000
ArtoriasCaestus,0x5cc87208b978cc183aaa42baf88ff71e1f83ebe2,1500000000000000000000000
Taeyangsin,0x72b7df8a04631c5def43266a377a1add4c7a92a7,1500000000000000000000000
MattEbert94,0x4efa7ad98f999cadfe8321a89129b4c5997b6546,1500000000000000000000000
eterps,0x3c6fdA91760cC47a19F617af327d7479E24Df37D,1500000000000000000000000
imnotthomas,0x47fe40cD806e4f1494901d0A36b28F22B45d4163,1500000000000000000000000
Ethelon,0x898a39B9EA22E2442492CdB6E6C303B9aF6ee4BC,1500000000000000000000000
gwenvador,0x0e1fcf879d05d2E72b686841fE7Bd74b3D761a2c,1500000000000000000000000
ivaf,0x273E3f4552C8EE60d4f10268Ce51bA289202Af87,1500000000000000000000000
Th0mm,0x12f195b9ac92f21419ec561f1f60202e440119f7,1500000000000000000000000
TheRedditGod,0xa3E5bA599A34C89Ac64495055dd6218291e12966,1500000000000000000000000
Justjoshmygosh,0xf5e70A11c48671d6134F2a40D7386b0625F7772c,1500000000000000000000000
b0r0din,0x3985eA706180AEE8ab4f544fb90A7FcC8e3D5B22,1500000000000000000000000
jeffrexsave,0x8a178456Af9b1D90328069B20D6db416F350EAcc,1500000000000000000000000
Unknow3n,0x31d14116041cB02867b3C69394be25fFd48f31a6,1500000000000000000000000
thatoneguy092,0x709BdD7fd3f79A7C500C422a4351328e8fe06dc6,1500000000000000000000000
superleolion,0xfd10af05af3a0c7843f4524cb5246d45fe1abe93,1500000000000000000000000
intertron,0xFE3A59993755550c5E45f529ed0B78F0bf57CE41,1500000000000000000000000
bull1307,0xeba9d7523c1842907587c92dedccbeff49c9ad77,1500000000000000000000000
fdforgothispw,0x91b0bE2ad1B1FaD93749dD8C17c4911d48E6b06F,1500000000000000000000000
ialwayssaystupidshit,0xbcc72fDe5e04875E0Ae530Dfc51551003126530f,1500000000000000000000000
identiifiication,0x487b1a73012131818a9da18bf6f0d0fdf8ba1ffa,1500000000000000000000000
HodlDwon,0x87D4c94e893660Ea4624a2AFa881937ED8ea8C8d,1500000000000000000000000
MalcolmTurdball,0x87dF67E24b8572cAbc79D4a81516E70e680f4D67,1500000000000000000000000
Stobie,0x8C71b854e9D094015417a836EF0F8ef9ECB6AA83,1500000000000000000000000
bumbleborn,0x149b9c2e3b2ca33156b930f55b6F38EF652b5E9a,1500000000000000000000000
MemeExtreme,0x169381506870283cbABC52034E4ECc123f3FAD02,1500000000000000000000000
Smaz1087,0x4A26bF89aB53316562428FE116479C4bceC64948,1500000000000000000000000
woomonkey,0x9C7e8331d549C807A5a8b768c207789e4D3c8d67,1500000000000000000000000
deadlypow3r,0x633D1D8fC4a15cdF04a94d7cA4Fec0f61AAC6F39,1500000000000000000000000
somestranger26,0xA66a74907E9860a6a5815001E90990F032701186,1500000000000000000000000
import-antigravity,0x09F02A1798963e0a1a09A66ca2A48852f603cf56,1500000000000000000000000
mattim0use,0x05F138f70934BfbD1cdAFBF7518b99a6b7261bF9,1500000000000000000000000
ZNTTSKN,0xdD41a4108D31830BD4e8A9B9e453585227A5f295,1500000000000000000000000
semiosly,0xE357435a278d4B3dCb78441D8Ea4e1cfc57A1176,1500000000000000000000000
boomerius,0xeF9966b38505935FeD4A2C9FeCb4B211C99e3eF4,1500000000000000000000000
MyTribeCalledQuest,0x9CA910038FAEa585B3fB52374B5557d14b2b32C3,1500000000000000000000000
elbalaa,0x0EF0b6cE6AF87a3Bb62F5a22c96940402aFED920,1500000000000000000000000
peterborah,0x8Ad68e2C67B88DEd4B1565D8b9288B665261338d,1500000000000000000000000
PinkPuppyBall,0x8456e99E9Ec531D1fd414790E9954FCFf109d61D,1500000000000000000000000
Theft_Via_Taxation,0x3C427Cf1aF77018E46632329D265f38A8928c7c3,1500000000000000000000000
etherboard,0xBFdEE77579B7980E5EA92649B8935c4392454F0E,1500000000000000000000000
snowmonkey_ltc,0x505c4E08b26A7b49AC7f2a6F536f549a71b5DAa9,1500000000000000000000000
ThomasdH,0xeA97D018AE77C29Cf0f4cC70e387925e40bF9ef3,1500000000000000000000000
ocusoa,0x003449f2DCd15F5993d3f3b4bcBF0EFFf3f4001e,1500000000000000000000000
snasps,0xBdf2019580DB3f51E54Bb96B813A2671B86eba7A,1500000000000000000000000
heliem,0x9743A70a1133434513FbEaf8aA4fEe6B8b2C1a3B,1500000000000000000000000
jmiehau,0x09fac217f9a9f47b50651fb8c7c641dd0d39efc8,1500000000000000000000000
01-23_45,0xa26aC36a6A69084859588EaC3A1bCc3feB277819,1500000000000000000000000
MrNebbiolo,0x57f9ef887D17985357Db615F3736D697391aE68E,1500000000000000000000000
gerryhussein,0xfe758fcC2b45150c534065E058ED691F5f5bea4d,1500000000000000000000000
MSFT000,0x69D70C2C7d6eb946Fc70A57d4021551fA03C47E1,1500000000000000000000000
jnation714,0x59F78ef17CD40Aae9708eE9289B2eeC675E8314b,1500000000000000000000000
guccifer93,0x5a0eC1778ed1DD718051D56869950A5784856992,1500000000000000000000000
Rox-onfire,0xaFfa298cFFF078521fDc687F7a5523179df72BF1,1500000000000000000000000
vman411gamer,0xf257E9f2a3583CB0FEC547ef74F8d5E0550DE86A,1500000000000000000000000
pcastonguay,0xd046B3C521c0F5513C8A47eB3C2011684eA80B27,1500000000000000000000000
jtnichol,0x7Eb84E42059F0D44269C50f4D3A280Fd307a6824,1500000000000000000000000
winphan,0x8F301EAfe04DB15Bf6AbD5DF4BE63660419f7502,1500000000000000000000000
DEfresh3451,0x198BAf880eCc6387EB63811dF5902Ff7C1Cd592b,1500000000000000000000000
jaackyy,0xeB330c6bDD8F550F5FeD7a8Fe8d61faBB579Fc32,1500000000000000000000000
Antranik,0xAfBBFbC0d5e699adB528dDF6237bcb8dA0190489,1500000000000000000000000
EtherAcombact,0x2Ad51989119a425dFC98D038823EaDc9c730989b,1500000000000000000000000
MysticRyuujin,0x61d21716c9af33d522A98ec82bEFE3588f6a76fF,1500000000000000000000000
farmpro,0x3443EB54D2a81Bf01d5Fd40462aBdC0d0f3C6c00,1500000000000000000000000
flowcrypt,0x0fa3e67a4e451573ac68173fe85df69f9b357cef,1500000000000000000000000
WooTzZ,0x6B1BcFb36F39D97d113Eb44C7bf2E20aa5CF8Cbd,1500000000000000000000000
cutsnek,0x09b76fbCd7849caC0955D50A39233C49efdc0D81,1500000000000000000000000
vany365,0x47773D8C356aE9B19cF8cA0f8B69e4693ef12F43,1500000000000000000000000
softestcore,0x26FD5612752d7032101590f8736Fb5902FA399Ad,1500000000000000000000000
PeenuttButler,0x0065F744bCb5393aA538cfb0688CBb0Ae0bFa741,1500000000000000000000000
buttcoin_lol,0x816a46203190BC58f08979201Ebd8346F4621065,1500000000000000000000000
SirHaxington,0xaF8de872F6A60222D8ea180a005E495A6AE9163f,1500000000000000000000000
tnpcook1,0x144Fc4B07BF57F196442afD5d111b506aEeBF0B3,1500000000000000000000000
iwakan,0xC5a0D7D8d403f371985fCb5c4dD9527bF82eE4Ab,1500000000000000000000000
mattylou,0x8813522520A375819681412602cfeDbd27e20589,1500000000000000000000000
V0fonCmIa4,0xfaFe13F514DD0c1EC24276f95A784536BCDa9D0a,1500000000000000000000000
JediSquirrle,0xC1550e54612F70CE40bD0fE8aFFc393303db0AeA,1500000000000000000000000
GenericOfficeMan,0x6005132a96ec4d82a02d7a80dc87c451bc1b343f,1500000000000000000000000
dofubrain,0x06868136C43B06AB823c65261E0328B69eb094ae,1500000000000000000000000
pspmania,0x009F66AB3BfdaF9a9022F9d6920Af76359C0B846,1500000000000000000000000
menage_a_un,0x7F7BD6b04521Ed667d80030dDD88b206e6302950,1500000000000000000000000
rmtboard,0x8a98c3aa8b8ec499137412a26e44c357c34ac9aa,1500000000000000000000000
Owdy,0x8882df68F8222c0c6d7C20e9a28b15e05784CE96,1500000000000000000000000
Valhalla_Man,0x239C09c910ea910994B320ebdC6bB159E71d0b30,1500000000000000000000000
Brazzoz,0x4EA407CE4cCd5B6FF28fF776706f469f5EeA0C06,1500000000000000000000000
Casteliero,0x5AAbe03b8A8bffd21fd17704F777CaA2699c5A6c,1500000000000000000000000
Conurtrol,0x1cf49725D363FDbaE74B9485FF5f7D56c15E552A,1500000000000000000000000
newscommentsreal,0x99fe39bb892ff8cfbc19e2a826ccc4b218c3b7e7,1500000000000000000000000
DDDNN,0x9b0CA1c07D679806A5B9D359d6B9E446b1C0fE89,1500000000000000000000000
Fuyuki_Wataru,0x2c6Fb4Be286120da6e9190d27845a6e06Df36A66,1500000000000000000000000
OperationNine,0xb4ca876dcd87e8eabe7454b6387a377d419a7958,1500000000000000000000000
japonica-rustica,0x17EFD35e43bC273C79C77C5ccb25D00BA3F11CE0,1500000000000000000000000
jreddit83,0x397e5298a8e39C2371B7C556912cEaE8039FDE36,1500000000000000000000000
ev1501,0x07d356F42233E99Cb50b08ecf537386E2895A4D5,1500000000000000000000000
loveYouEth,0xeAf0445dd7dcE9B2c81E3b2709243E23EF94d368,1500000000000000000000000
Nooku,0xB123620B385F677336a01Bdb36983E0f4bA23EeD,1500000000000000000000000
HomeWithTheArmadillo,0xBC28DFBf2205b7d56ab58925BcD18EB86CDE884E,1500000000000000000000000
Quebeth,0x316f2A8a95aFF2a6c8c1606F954Cf278Ba747897,1500000000000000000000000
textrapperr,0x7bf6926bcf01507D5A5600F49D1650540cDAad48,1500000000000000000000000
_dredge,0xEBC37cE0469c5375216F72c3c75F95A8d47C7acd,1500000000000000000000000
Ascends,0x198556672346D1e997184c44222EEF6764C0Dd34,1500000000000000000000000
OrderAmongChaos,0x00443013e00A2b73Bb02B2Eae21c7bbA36a25197,1500000000000000000000000
xtsi,0x78cFf0EDF81a91276c5614438CC7A36713656798,1500000000000000000000000
Prickly___Pete,0xD248440380d9806CFB9f88Ad5F0487C7BEa1B078,1500000000000000000000000
Ender985,0xd194ad4b99cefd20c8a0f47d9d876273235c2fa4,1500000000000000000000000
sdmikecfc,0xd75b2c2c51E7AFb16f048A9Dd5fAf19DD43D10A7,1500000000000000000000000
UserNumber00,0x66094f06ACf55045D17E489a13A84CD82eE6cf20,1500000000000000000000000
Crystal_Eth,0xab7fdb66DAb6cBFd5030407da4567286f7484fA2,1500000000000000000000000
corbindallas52,0x41E89D05D0fE0834386b8769B0d35A39d25F19eb,1500000000000000000000000
hbhades,0xc46B2Ad0f9a828778079DD83c8281dFb03Cdc8Fd,1500000000000000000000000
neofatalist,0xF640d7cFFf3ade91983A787c61e34971eDF32798,1500000000000000000000000
MiamiSlice,0x4ebee6ba2771c19adf9af348985bcf06d3270d42,1500000000000000000000000
roshe789,0xD241F322a01DECdc9D3a2E679De63d372ec92ef6,1500000000000000000000000
alexchuck,0x2067BEd542762D26E2755Ce7d8776728F3429f48,1500000000000000000000000
JoeyUrgz,0x2E0ADa7d481cA2723857C2B2647F17aB98301939,1500000000000000000000000
krs00pxy,0xe0EAdDF67501cFe390783CaB24ef18Bc10ae98A3,1500000000000000000000000
plaenar,0x243879653A9E048B204d3294C3F91Fe59dfAf788,1500000000000000000000000
n0m_d,0x4AA5bFe45E90807741fd2bcA296aAe0A8082558D,1500000000000000000000000
ymihere1234,0xaafa5FA65A0bee49C77b78F42FE128611263c200,1500000000000000000000000
TerpZ,0x06A8731e8657fDf8D71BB2c8BD561a206D8481f5,1500000000000000000000000
moscadesnuda,0xf3870D6C3747DEe244D68D212ebc19780D850251,1500000000000000000000000
RohirrimV,0x3359d30096a4890Ff25b742ec9dDF327D8672D7d,1500000000000000000000000
anex98,0xa2558ac3451Cbd88384111F03c8f2F3e5DF43f6a,1500000000000000000000000
civilobedient,0xb4e2645Cc8EA9845387f52b0D94cBa9a87889bc5,1500000000000000000000000
xAlias,0xA6ed17c1E96cAF2Bc623c8da24B641EC74Ef9479,1500000000000000000000000
m1kec1av,0xD01B43bE060845336CE6d0CF0E76426dC63A0731,1500000000000000000000000
pok3rr,0x9053f5ea444ca17f10189a85dddd20dff6b61c8a,1500000000000000000000000
gzli,0x04856b6cE919C713F1C07b01ab696302842997F1,1500000000000000000000000
glitch46,0x651de7d72c79578761e12f5d9fb3ce71bd3e018e,1500000000000000000000000
cncamusic,0xe5325DbDC1E636d21cE6050C279E2A5ed5f45466,1500000000000000000000000
WeLiveInaBubble,0xae4A1f6186CEeB7C483ACc0f9fA0791Ee3c3e72e,1500000000000000000000000
pear_to_pear,0x9a526104a8d9763b956b03227b340ca096b988d9,1500000000000000000000000
Jdfk1983,0x5c8C5096C3e7Ce3A86413eCf650bdB0c4d977287,1500000000000000000000000
FlappySocks,0xcC6551FD9365582686E9620603feaE46187D6B9B,1500000000000000000000000
vegasluna,0x89C6822ED53445C14Ed6931e2d74967206611B2D,1500000000000000000000000
TaxExempt,0x0C95a08608b698a683c0032Fd118fb718b865819,1500000000000000000000000
BeezLionmane,0x7D6e7D27D603F67787af607296a426FbC56c0C7d,1500000000000000000000000
buqratis,0x587a632503D707b61fD6e9C4123015A941CD181C,1500000000000000000000000
priyb,0xf220a978Cab75227227D02C72C0A22b886211cfc,1500000000000000000000000
jumpinjahosafa,0x288355e2A8e51dA4E3fA1975486e4bF83bd9808f,1500000000000000000000000
clarkster,0x39A18a6E9BCE4998CEa178d84b1B0f89f87a769d,1500000000000000000000000
Connortbh,0xcCbFfa2005F8a4B1A451A483267c6Da1CECd513B,1500000000000000000000000
hmontalvo369,0x1C86A6Fc99D22204B8072046Fa834e4f207fdB99,1500000000000000000000000
truesoul42,0xb853a8e6cc7751e01685784440de51d34bcde5d7,1500000000000000000000000
OffMyPorch,0x89be1fD0AFe212405fe95Dd8C80Bd8eA5D43b930,1500000000000000000000000
volffili,0x0047A2300818F5b1D7C745E970174C0Bd97DbC62,1500000000000000000000000
gussulliman,0x56FfaAa10230348585944F5Ea1657cd60496FC6e,1500000000000000000000000
raztacraft,0x80f6842CA7cbCf7F34981A48E6d8FA928BFc4660,1500000000000000000000000
blooopd,0xe8bF2d8d3F5FBD17db1988914897c399a9CF0562,1500000000000000000000000
Snoodles1,0x4b28C0E45Ac3B4b7265A23693a026350d19741cd,1500000000000000000000000
mentalgooseflesh,0xC78CEE97d5B34c1fEEed7934267D4256168eB4e9,1500000000000000000000000
woodsbarrack,0x453Cd54F46c62b2439C36F4Fc6Df25f923016022,1500000000000000000000000
big_onion,0xB7F3976521eFB72C5F065C79dc619a557f2E24B8,1500000000000000000000000
-bawb405-,0x539E9952775F3Ae485e293FDC4c8Fec4fe669ecc,1500000000000000000000000
Legionof7,0x93c95afEb1A42A1388503beFc71F5ddD1650cE1C,1500000000000000000000000
fire_free,0x000a3FDF8Fb927A24b1F8125cD8c4868078C175b,1500000000000000000000000
peezoot,0xEFa61f6a22C3f6235802A2DC39fF6C27516Ff4fA,1500000000000000000000000
roguebinary,0x743895bBF06f8fbB77EE902AEBe7bc8331366DeF,1500000000000000000000000
_lotuseater,0x75271a9295e5c4e42D8fb306C1570B4AE2A8343B,1500000000000000000000000
conv3rsion,0xaaE81e770f9B9e2A885747d22cCDbC9a4De9517D,1500000000000000000000000
Chtord,0x358B532B553aA29EB0295AD72Fa2C1fF528C8c82,1500000000000000000000000
bigmac375,0xc8a9D371F34aF37E294B9d73a03d1b67Ee1EB730,1500000000000000000000000
McPheeb,0xcb9bf6e8f964fa1e1ecce75c8607d0f613d0a715,1500000000000000000000000
Gekonn,0xBB4ac0c51f6c55fc4d9CAC6A6bBd4bA0c2eC601b,1500000000000000000000000
rpr11,0x6c8c6eC7173D8702b4a9Ac755A96823e678E51E3,1500000000000000000000000
DCinvestor,0xe67aD0aff2E4C79d2d609E50e0AfAF2CcE030f4c,1500000000000000000000000
LarsPensjo,0x03fcEcaD6C31Df97c2Ac84d024d1d7Dc513DdfD6,1500000000000000000000000
bitander,0xa3D4E2157cCdafAD235D2c256e17544De7839c74,1500000000000000000000000
bose25,0xf8b927860Cd0DeC8F9893E83e36E92Eda8Ac2bb3,1500000000000000000000000
VergiliusMar0,0xb61593688523Cdb604CcC50504cdB40417E49826,1500000000000000000000000
somewhere_cool,0x274e31c75440e03b597D8242a866a85ccd730c66,1500000000000000000000000
ViperfishAU,0xfc72C50bf83e3e67CE03d28F8663B0AE1Eb378D1,1500000000000000000000000
phimoll,0x38315867549cDaD163bC2a37eBE716223AC5DB28,1500000000000000000000000
YYCExplorer,0x00c6207F05A28AA82a4b5A5e5C7ec9308ba03dcB,1500000000000000000000000
agriimony,0xdc377E59a137E9fCC8000C0b8383D64dDa58795a,1500000000000000000000000
MC_Cringleberry,0x322e7Dab4C6b0DFF2FABb648840ccaEa86AC18A7,1500000000000000000000000
flygoing,0x2c1c894f084ddd9ed393e459ce4ed0a49b2c483c,1500000000000000000000000
DannyDesert,0x601c6D9efF76Ae8cd7bFF5fC4900f20F6F80734F,1500000000000000000000000
volareohohoh,0x002ffA6895C01838107153Adf84C2978166A220f,1500000000000000000000000
smidge,0x8Efcbb34a8A88417db793BBDEAbF208151F9CD90,1500000000000000000000000
JonnyLatte,0x0407d658E5a4e7eb6C49Db1b899dCeb7bd8c091A,1500000000000000000000000
volvo_pls_fix,0xBDBb436D4a22a8F4ddc54dD442f1c5483cb8B61B,1500000000000000000000000
Karavusk,0x7A1bc747a6ae59B6cc0eDBd12e4435FCa70D7B0A,1500000000000000000000000
careago_,0xC67Bf11421D49D3A4a15738BA48C8d8Ad53AFC55,1500000000000000000000000
nooz,0xed4C099e37c28A664De094Ea5AD2a5947dAc9eb2,1500000000000000000000000
TripleSpeeder,0xe097B2C1658443ed3bc90d7D25A3381549887596,1500000000000000000000000
jam10o,0xDaCC0fd259CE0DE2829B38A0765970e7ab65346C,1500000000000000000000000
FjorXD,0xBfff03213C31a36C21d672c011b54B74f526197A,1500000000000000000000000
Iggy-Piggy,0x936B284350b58923d32cCcfF17160DfE900c8C17,1500000000000000000000000
educatedd,0x46Bc9D9ab237A3e43D2DF110c2999C37B6ffa80d,1500000000000000000000000
immotdrunk7,0xb72Df3345101FfD1c0dD377100e4638c83bfa095,1500000000000000000000000
abendigo,0x2109883217b5c7d3fA3b6e0A21920D611df0206c,1500000000000000000000000
chunjaenim,0x123B218538c768fA1Bb85e851876CF58c65f81E1,1500000000000000000000000
shrodes,0xffb5d974cba1e8c3761427f017c9666c9f14c32b,1500000000000000000000000
my-nth-account,0x873DF6370733DF7CE5d2515c8B266c530207bFB1,1500000000000000000000000
persfr,0x011304Eaa15Ec6b129aDF7794AC40542eB23D58b,1500000000000000000000000
k3surfacer,0xDD7df585898F802aD711f8D8BafEa99eEF079d44,1500000000000000000000000
TagoMago2016,0x5973D93138319d2C54cbc8212307b415743B1cbE,1500000000000000000000000
ZafiuR,0x35927849106d7a12e6f1b62cf431caa507f0298f,1500000000000000000000000
quanganhdo,0xB5824adc3f5B58DF09A7C8E8FFA3CA54592cc8e4,1500000000000000000000000
Dont-believe-me,0x8a37F4A65d3b9635105328f3045d8ee18125A09F,1500000000000000000000000
shortwave_cranium,0xa6ad736355Aeff22ABE1009CB13001Ab172A8AB7,1500000000000000000000000
NigelSoup,0x630E0708CE70D280fFFC02BD6E8f99dEfb7594aE,1500000000000000000000000
jadelixx,0x6E9496d6d94e91Ce16366932BAF21272EC73b323,1500000000000000000000000
dbalatero,0xB3edc12E2a38bCbbdb193AaEE0cE449cA5145B97,1500000000000000000000000
boldEagle15,0xE9C0ef92aA4C8999e41D5BAeB272c854FFA93F9E,1500000000000000000000000
goatwasher,0x70ab12a8e21184665317b23bbb31ea4925dc3cda,1500000000000000000000000
Jabukon,0xb66226e687c86c2ab9ccffc4e858eedd9a217ed6,1500000000000000000000000
llamachef,0xC483287d7E6D2d5427444b7B5690794D5C886C27,1500000000000000000000000
StigsAfricanCousin,0xfBAEbcbF072E620A3d67f3d27661c791b653cAB9,1500000000000000000000000
timingame,0xCf1aE9Af9898C31D773Fe21A1483380ab68aCf0C,1500000000000000000000000
smellyy,0x837516313BFc72D4d4dac7ba59c2cb7e191BCa53,1500000000000000000000000
hillbillypicks,0x6Ea3f80A890F61287804c7B699853cf6690Db75B,1500000000000000000000000
Tatex,0x5266210f1b2be6bb69ce16a635e75c12df5dd6f5,1500000000000000000000000
pennyarcadeTO,0x3dCB56E2C2AB55C2c59518D8Ff6A7CAb2EFe5738,1500000000000000000000000
arthurfrenchy,0x992A0b5aBe1bAd74c7F40a8A524E3220d8982699,1500000000000000000000000
mattnumber,0x0c5E1749448a39d78535bbf24eeEbBB3f008ca6d,1500000000000000000000000
densmirnov,0x8642BfAc63573338089f2069D6D633BE6B4Eaddb,1500000000000000000000000
mids106,0x001faf6BC4afB305583d5CeC82D023E3ec48D639,1500000000000000000000000
therealgwiz,0xbC1e9614af5d5E61C48f40039b88197dc6b16776,1500000000000000000000000
derblub,0x142c0294fF5d131902191D7C75e67aB084f26dA9,1500000000000000000000000
gajenjung,0x3A073Fd94975Bc46b3ccaD966aC627803877eE02,1500000000000000000000000
TheJambo,0xd86146Aa1b9b444E41Ddc090946C5f9A607575bb,1500000000000000000000000
xs3bt,0x128d0fd0c33b12c206c5856c75c85ddabc4126fc,1500000000000000000000000
Heartz31,0xa7538956469608B63fA22b208173DEE2Cab01751,1500000000000000000000000
linga51,0x944ce2daeb411fd2bc74641475b3b1bed82c317f,1500000000000000000000000
dappataikoo,0x00F19e34a2F6704e9606bc71b00ec9068C4cb095,1500000000000000000000000
cygnusfear,0x03236093522cdCBaC662ffBebD6a951349082b72,1500000000000000000000000
iclosem,0x8997E9B293a974c134519e22B4bd18dc1b260c94,1500000000000000000000000
Swiss_Confederate,0x3813B6039ea5738f3a2012098a028739139c7243,1500000000000000000000000
GethOuttaHere,0x66FD858d845AD08384794f4B40594B4294d88E90,1500000000000000000000000
michaelai3,0x954dc267d92b32568C23dC3404d780f7921Df69D,1500000000000000000000000
eifeks,0x4703c8a3d9d647154d7808ebc14a2d1b2ffbf11b,1500000000000000000000000
Photo_Editing,0x42C39d28b2D538b9535457b7653135ADa6D7A660,1500000000000000000000000
DemonTree07,0x5F0ACec410BDd05C467Ac7913A3122840C09DbCe,1500000000000000000000000
jf4nathan,0xc13d48A6c86A994f85038E96a7FEA0Aeb27d6F4D,1500000000000000000000000
mrenoon,0x9Ff99caD62A4dCf240f29eC1b8dfdebeea13e706,1500000000000000000000000
LGuappo,0xa1FD2f911c419C505fde17ac833757D61698109B,1500000000000000000000000
damilli,0x527d5b1E2d651d5F4F9973dD155Af7e9f8085F36,1500000000000000000000000
KaaMeeNaa,0x5F55D780002025a2560006BC4887ec20Fd30DB96,1500000000000000000000000
Simres,0x3641bfb95c789e8ebe9ff51fc6c0bf409dd307d4,1500000000000000000000000
Cartosys,0x00D400212ab3E7EcB2F308C72965EA2ED14cE371,1500000000000000000000000
Herege,0x96065C9Da69A398ad729A646700D7494F1366d39,1500000000000000000000000
Wurstgewitter,0x33F4f256d3349AE46BCfb07801943f711fd16Ae0,1500000000000000000000000
BlazingAzn88,0x48a296d7aa7cebaee37eb67db2ebefe66347d395,1500000000000000000000000
objectivix,0x4EdFDD1BD237cabA401CE4391803C03a4C112345,1500000000000000000000000
Sarfang,0x5fc05b2BBB3AE6e00104626Bcc2Ad1c4E9D867B3,1500000000000000000000000
mixedcpl,0x6229E84366e3F5FB742621205C4a3701c1f57153,1500000000000000000000000
vladtomescu,0x84101134c07fd8fc3065801d2524043c0aabb0f8,1500000000000000000000000
AttaAtta,0xbe5a42BCA8197D987F6Af19527a3EfdF875144cb,1500000000000000000000000
Jimbabwe,0xDC814aE73223e607632EeDf87DD0baD3d4e3896d,1500000000000000000000000
NomChompsky92,0xbc5a92e881876a021da98226e5bac7f982cb96e6,1500000000000000000000000
Tom_Sozne,0x14bFf25308A5f9995Ab792D04cCA0264C7673E5C,1500000000000000000000000
allcuzone,0x3DF8Db301747bdB5410bf64c3175d8B6598C7a4A,1500000000000000000000000
whisky24,0x70A30Eb51EAC30a9ea534b1CF8fF0E7bc192D08b,1500000000000000000000000
deepsnowtrack,0x3E4Ed7b228bec5CdAB4eAc697DfC8d01Fdfc8Cf8,1500000000000000000000000
sophon1,0x4072F33d89c382e99355B9Dd6544161C154820f4,1500000000000000000000000
justwanttoknowathing,0x96f9F9B534cbA96ACb749964A48c0D0AAb2a11DE,1500000000000000000000000
newfulluser,0xE068Ab6E9D1dC859688aE424BA738B9d6220e97B,1500000000000000000000000
Flash_hsalF,0xF3A5d8775879010335335c1Ee3bb47C4dc279Ce3,1500000000000000000000000
eeksskee,0x00BbCEAEE2C1f9dEB0235C2b187b8e4feAD8A102,1500000000000000000000000
Hypocriciety,0xE59A92CF298dF0C120273495CDfe08230A5d424B,1500000000000000000000000
poop_dragon,0x67dc2b73d122e517eB282c8a74c34c95909B098F,1500000000000000000000000
DownstairsWink,0xe876275e5e1A77e0DE4006e5d9B85B33621d1442,1500000000000000000000000
phalangion,0x0e3e13ca9896951f7531aac8eb65a563b859d1c4,1500000000000000000000000
BudDePo,0xC0A91925FF9Bbc6b11D7cDc791419F09a3276cD9,1500000000000000000000000
boii0708,0x5bD7a00Ba3709Fd33d4Ed6B8D6f6920a3Db0b5df,1500000000000000000000000
derezzer,0xAc5159EA181BFd438a5147393886b797B49e8e71,1500000000000000000000000
x_ETHeREAL_x,0xf8189144b24Fdc47483b4FEfcEDB66AA727961dB,1500000000000000000000000
dctosf,0x82a046dfab6c0dd8efdeec0fdac3a00918b35050,1500000000000000000000000
HellaBester,0xf0fd78Ea5F1a15fE07E694a4ce5DF3c5cD4dcbDb,1500000000000000000000000
thisisenfield,0xC545bF112E01F3BE9eA6CC5F4E284C0ae2cA432e,1500000000000000000000000
xSwagstantin,0xD7Eb162d2c43bfc5cBd7e299a950D5ed71Fc8347,1500000000000000000000000
jrray,0x8697Ed8D7f46b4a836EefB46eEF08c445e3aa68A,1500000000000000000000000
digeth,0x00ecF3eBcCFb85731D9a5f2638F44ED6C172c633,1500000000000000000000000
seishi,0x67E34b018D86A731cB80496739761B6f1d4d6deC,1500000000000000000000000
meta474,0x14cC7eA4B921D15e6993b82866789F94d8664742,1500000000000000000000000
benji7425,0x1332E4B715Fb4a4f07Bc81f7054111114e586A74,1500000000000000000000000
mrTurkleton,0xc447FaF816aDf800A1c98D68fFE9B5A64c3e6C9D,1500000000000000000000000
Max_Thunder,0xF7BCa98a6566Def8823910474F542604bFF7b66e,1500000000000000000000000
thinhouse,0x757841d66a9FDd663fc6CaeA5a0BFd9878f5B191,1500000000000000000000000
nugget954,0x3134dC53e884d17aa0b5c20422c576981c3f5d1f,1500000000000000000000000
Fawk9,0xD45A619Ed1c90F5Bae88b91244c7d2A70dDF54e5,1500000000000000000000000
Dr_Button_Pusher,0xe7115A2d0DEfB327256CFD0D8eD2238E09c8d5ed,1500000000000000000000000
Cylow,0xbe3521D667f030f4B284cD43383a5E52E45D6bb0,1500000000000000000000000
_jaewonjung_,0x04D077db652BE0aB1E1Df07D0D06953f8e11CE72,1500000000000000000000000
AdamSC1,0x0F8Fe8f97169628CD2A17F700E57863D955cDF70,1500000000000000000000000
EZalmighty,0xB5EA31801AaF32f67D899FdB948d8751d80324Db,1500000000000000000000000
MrWatch,0x3F50D551A3F468D5d51689335B2F43c462c8C47D,1500000000000000000000000
Moverperfect,0xBB273fEc05cCA7433aa79c09abe5c2a8883CE99c,1500000000000000000000000
usuallyiusually,0xb7129094b19Ad8031e4f4a111d43e4698F258F4f,1500000000000000000000000
Hierux,0x3dE6d4597E10182B761D560FB56092287aFe9346,1500000000000000000000000
dayz_ike,0x501672EC8D7a1baA5AE1d4f44D590b1bBE6fce1C,1500000000000000000000000
dont_forget_canada,0xE2DE982c98C285c369f887C67a1bC9C301554bE7,1500000000000000000000000
lawfultots,0xd03ff5274e6ff0b43cee31cafe1c40324fe5d33c,1500000000000000000000000
paper_tail,0x2fF2dE88632f6464BFB91d04c8F5FE3f24237be9,1500000000000000000000000
Maerlin,0xE0e79C26fC292710F19bDEa8eb5A9ED09B08b84a,1500000000000000000000000
cyoreligion,0x91c2Fd5f544b8C7Ea3545c1964955b1EB8e6219E,1500000000000000000000000
Mr_Yukon_C,0x12b63537a60b34aa10CD6dF17E04847ed5dB3cBD,1500000000000000000000000
ChosunOne,0x9597a4870e957075f66c3f3e18e81e44b8372449,1500000000000000000000000
bosticetudis,0xA94Af282Ac1E9d25ef0F10A6Ab2A5A27527ee519,1500000000000000000000000
antiprosynthesis,0x0945260089850bc72432072501c6f545F6b64Cec,1500000000000000000000000
Brighteyes720,0x76d249af1dffe91b69822a407dddf3318c2275ad,1500000000000000000000000
jesusthatsgreat,0xfAF1D7cC7A1ef2a14b703b1899BF9dB6C933af69,1500000000000000000000000
TheBounceSpotter,0x60ba6ad396cfab61cd21d7e52ef424e88a00fd4f,1500000000000000000000000
i28511,0x9Cb6defb2225698E23662a77383e0f96CF308f16,1500000000000000000000000
InsidiousMind15,0x884531EaB1bA4a81E9445c2d7B64E29c2F14587C,1500000000000000000000000
worthalter,0x57757E3D981446D585Af0D9Ae4d7DF6D64647806,1500000000000000000000000
nbr1bonehead,0x8Cbe06fAD615aC28659aa282Fe73Bed9f45b0cC3,1500000000000000000000000
Mrbusybaconandeggs,0xc171ae7251a832c596be23ad1c268e4a61b7e0fe,1500000000000000000000000
ChampagneBidet,0xbdbd0AEFd0f8611CE1A8b990D22Ae7015E0c2d85,1500000000000000000000000
f0112358f,0xED3bD3B3fDc532bd0aAEE80278B11570e41CAbD7,1500000000000000000000000
atc239,0xd43E931e79FCFfa25481a1a592cbE84f40f012e4,1500000000000000000000000
xqzv,0xcC15CB481165CF0296841f152AeC4Ae5B73EfC3B,1500000000000000000000000
ethereumTruths,0x819Ce9D54B53D40b1d9AEc799F42b19ec8672CbC,1500000000000000000000000
elkmoosebison,0x393aF7EEbFb3bf22A430Fa6f1BA89Aff399899B0,1500000000000000000000000
khalo_,0x8699798db7474F056677F1Acb393d73Fcb3fBcCb,1500000000000000000000000
blog_ofsite,0xf6859b8610590671887E3675138caBfEc21D4996,1500000000000000000000000
tj1122,0x8D423981eA3EE55e36dFAd61895FA986441C2bbc,1500000000000000000000000
moneyfink,0xbf5f412a5004c5342c31eba5770bda36ab203a02,1500000000000000000000000
thisischris,0x92a8f4C470E2c243e48C14709dDA9009bE4d5310,1500000000000000000000000
heliumcraft,0xB16Aa1049c120D682ad06c17C722F91b12243aDf,1500000000000000000000000
Hrant-man_Jaunt-man,0x9a16558E7E6D3F14C00d866910A3CD9a6B76B432,1500000000000000000000000
fishnbits,0x626e697D1E78AAbB5A48BE69a0CD0eabA298c063,1500000000000000000000000
hungrystudent,0x5e65f892f9d9d96e19433d6b2158de96b52d107e,1500000000000000000000000
HamAndEggs97,0x97DCB3EAB6E2c1Ef82F2a82d4Ba03b059F52dFf3,1500000000000000000000000
eurotzar,0x7934f83e9f67b40d82f7874fd83b61104c4176a3,1500000000000000000000000
zimmah,0x6b6996005ba67DBBb3b8b204bD626D07A31cbDb7,1500000000000000000000000
tobuno,0xfF684104992bd26B6326bcA4620D733526c0Ddb1,1500000000000000000000000
Slay61,0x4EC64AB3d135ffc2322585581240f29e8F56f7fD,1500000000000000000000000
loul42,0x29fCb5683BA5eB461D355CF6fe00AC64D957F73c,1500000000000000000000000
ordinary_usr,0xDE8785A1e6F21aDE063d372A08C964f66adCC767,1500000000000000000000000
ididundoit,0x5e8e3c61a42e3e186076467f498173dc8eb4f411,1500000000000000000000000
tradersinsight,0xdc8518A1Fc67cd307f2AfFFb76B92F0CF376C04E,1500000000000000000000000
Legogris,0x4F219303761a6A33eD36EB44bb8f1b206F48367b,1500000000000000000000000
blindmikey,0xddbaa298Ff16b40293Cba433fb65eB7a7907f896,1500000000000000000000000
Provirus,0xb830c3fd6bf97fcb7c3e086b3ea72458350ea20f,1500000000000000000000000
Isilmalith,0x5831664c56afc6033e35f36e4ec0a14a20df9be4,1500000000000000000000000
i_am_mrpotatohead,0xd4D4d3e589F7BA212A53aDaBC85D0d09119a2374,1500000000000000000000000
spcialx,0x6cb04bf1bd714031f8b5c92b549cf080f5fe9ffe,1500000000000000000000000
YellowBall88,0xf5499Bb5d0B22C8954B74Ba0f62284C197D01936,1500000000000000000000000
rartokens,0x18581352c6C901138319Cb8D3EA0c0C6DDD76aDf,1500000000000000000000000
Zeproxy,0x9396616F20da23caF098c05e47EEefB6860B1753,1500000000000000000000000
BananTarrPhotography,0x3A14c2Adf9FD2bF6aFc4E688c600387C97504bdf,1500000000000000000000000
dekkrs,0xAc6684E182fEa1041653a1BfBbb6dE466AF6a322,1500000000000000000000000
process777,0xa2C2e4685CFc391357dfB8Da6304F3C2709CE397,1500000000000000000000000
eth_head,0x8cD89Ad4143446e170B0a449B87ed0Fef66062B2,1500000000000000000000000
neffnet,0x72297EEC1285847B67A405A35893C890543A7bf4,1500000000000000000000000
crypticmooncoin,0x2D3990592aB35b2d44f9d1E7Aa7C128A66317D6F,1500000000000000000000000
xyz_proton,0x56E66392f91ed3faF526CfFb8f66d9c371df9714,1500000000000000000000000
flogpro,0x53D75325852bDb221202399B47f9DF89214e51A7,1500000000000000000000000
singlefin12222,0x658c2a315002aA29681c9D1129ca846573077dcF,1500000000000000000000000
openforbusiness69,0xA9Ea89a773df1b45EC357F028680ea4296cC2301,1500000000000000000000000
Madbreaks,0x45FC0101583E5bE5f3091B624908e7C19bf1E1fB,1500000000000000000000000
jessebased,0xc45b37b5dab9b443ac8b37c1ff8b148ed960dc16,1500000000000000000000000
TJ_Hooker15,0x2Ac79dB5E4d7948A0D4b488C1Ded213A163CBa02,1500000000000000000000000
BassNet,0x9AfD4F7aD03A03d306B41a4604Ea2928cFf78fd1,1500000000000000000000000
ethacct,0xb91781A86070155059F829eA952F58aeD4EEbC37,1500000000000000000000000
molokomoloko,0xA885dfec96B212e7618652e14241D7f5d8af6a45,1500000000000000000000000
silkblueberry,0xDae0C42A542366F818EBdE670B04EE42631A3dE3,1500000000000000000000000
duluoz1,0xaa91a67dc09d59fb803910d4e9d765a00b48c7e1,1500000000000000000000000
shouldbdan,0x8fe8bC15174CCc999089010f3eB372A23Ce96734,1500000000000000000000000
trancephorm,0x062d3A310386c91b51Ab0EEb3A3eDBa5028DEaC1,1500000000000000000000000
QuarkTheFerengi,0x6a820730e14d8a748d19123D5fD565138a3242F1,1500000000000000000000000
All_Work_All_Play,0x755c76322C846780c9d884e70Bd0e199eA0AA39F,1500000000000000000000000
roamingandy,0xD64AF740E60C371a95cd85b96B1709d3A0ECd9B6,1500000000000000000000000
LeeDaLong,0xb7b140845c000cE2E22CDD4127878b979028bfA8,1500000000000000000000000
PericlesAMA,0xDA07eB04dbC3421c48fD568838b9d9dfE033E76d,1500000000000000000000000
andy_the_ant,0xEDFD015cEA763781598E024a8218b209EF3d0463,1500000000000000000000000
lte13,0x45E96C91b0A8014CD80E0342b6E7120307DB4135,1500000000000000000000000
5chdn,0xfcae7970392f510a985a7eaccd3820b7759d65d9,1500000000000000000000000
lehyde,0x3d8D89a05BBF63605e024382f74f128BbFAbD6B1,1500000000000000000000000
Nubboi,0x7C2C647579f3eFcf1aC86751EA7b130712aDD7A9,1500000000000000000000000
mswezey,0x9daB5D2A63c3AA9c38d9d799BfA1f17B52098FDb,1500000000000000000000000
yournipplesarestiff,0xBD370F37Cf880615eA5906e2299A9fE26258ed26,1500000000000000000000000
newretro,0x571Dc8F5064a4F40013D8AD01998EAa9291683C5,1500000000000000000000000
fdelbosque,0x07C97a70b9dA54E05bAF3CE35660d510F34d3473,1500000000000000000000000
_CapR_,0x18b9704a1D653D27301FFA9b5582436dB6289228,1500000000000000000000000
classic_katapult,0xca678453CC79Afe9D94d742514CafCede4f0c57B,1500000000000000000000000
stevencage,0x4AB57272E0e039B04311c9cbF5fb2f271F952f20,1500000000000000000000000
7878ayush,0xAe66B50c491E954904e1188e282a2180B44EcbE5,1500000000000000000000000
jumplogic,0x7a08ed303cdEa0A4809158740335e7759cf4DA26,1500000000000000000000000
setagaya,0x5dde1185e2d3D512Cf532d14360a4286b1b3915F,1500000000000000000000000
-JRCSGO-,0x39fd1741b506f75768ab2bfff9d44eb1c9b7a7c2,1500000000000000000000000
Evil_Landlord,0x14d5fa7C4409138262737Ea4a19c7995f1678FCC,1500000000000000000000000
orlyfactor,0x5A36E2867fD3F7A7A96FF3e42e5a1EC6f6b1FDe0,1500000000000000000000000
odd1e,0x64490acdaac111cf19847c9bdbadb6fbce3cb8ef,1500000000000000000000000
Crye,0x5F344ebc0C02310AC5f60Cf6c6D40911377067EB,1500000000000000000000000
ngin-x,0x009cADD5812d266761B29B229aFaaD68b711f7d0,1500000000000000000000000
Wasted99,0xe863dF0aB3A3953F5E106788c41cb47De5fAE84a,1500000000000000000000000
RockemSockemRowboats,0x7934f93007bBD6ce4699E007A1A02c2e6F9AC15F,1500000000000000000000000
nickjohnson,0xfdb33f8ac7ce72d7d4795dd8610e323b4c122fbb,1500000000000000000000000
cmille20,0x4f381a8bBA3b4b7BEa3E2e8fb192dB67806E7c8C,1500000000000000000000000
CosmosisQ,0x0dB9d99592ee6A177E2Ce85AfFf45D86C1332E93,1500000000000000000000000
0xb100d,0x75B79580D6f232727f8c32D409578215bDc52E12,1500000000000000000000000
mcpabsty77,0x8F812F321bC1E5d296FC63e54Be2e531d70f27f8,1500000000000000000000000
Beerisforwinners,0xf7d934bC4b9935610f40Bd1f77E7e7De780A940F,1500000000000000000000000
should-have,0x60c523C0cc0fED61A259A5521a24178332457D70,1500000000000000000000000
16th_hop,0x2958DB51a0b4c458d0aa183E8cFB4f2E95cf6E75,1500000000000000000000000
thenumb3rguy,0x2d03258E8B15094DEC998EEf87914E1C802Ceff2,1500000000000000000000000
timthetollman,0xcb67F7AEC1B452238A50876Ed6308F1507c8ceA1,1500000000000000000000000
CallMeGWei,0x285bc660aa42b8effc6c60357cd4d8ca072be625,1500000000000000000000000
WeWeHere,0xDCc288A0b4acfFCA17336BeD732c0fBC3C2842E4,1500000000000000000000000
ligi,0x3762987a22ac14b8810a1fae4421f0fe10865fa8,1500000000000000000000000
Eidbanger,0x9b11d4f026Ae418904760FC05964524Dff096B0f,1500000000000000000000000
erbaker,0x1380317Ec0850924129Afd74375B6Ab72F80A172,1500000000000000000000000
BullBearBabyWhale,0xd3a5386d37dba606ab5683ba1a5938d558a9fb2e,1500000000000000000000000
ben-ew,0xb1E3d842269F70Eca71333565dE5d97471c53ae6,1500000000000000000000000
_Mido,0x4BE0770b791b8a9C0a762818F39Aa6C71b97a99D,1500000000000000000000000
ETHGenius,0x596031692de45b8b77fd177ecc386dd2e6e8095b,1500000000000000000000000
darthvalar,0xD833D8412d1005E553FcB310DC62F4b534EB7655,1500000000000000000000000
Enecsehtnokcab,0x039C83a05C51113F006367186CB13cE6e60a633c,1500000000000000000000000
type_error,0x7f4AAe03B290213201267e0886c4074Ad23b50e5,1500000000000000000000000
SammieData,0xa6d3d03ae001cf977eaeb437995ed75bf56ef419,1500000000000000000000000
Basoosh,0xB6a0aD050669Fb083BbF53a2E8719719b5C174D0,1500000000000000000000000
xyrrus,0x806F5A0644e02392A9E9b228dF812C6DEAa854C4,1500000000000000000000000
SpaceLordMothaFucka,0x00E6bc51fedEef2455102FC9828EF5f5739a78f6,1500000000000000000000000
LevitatingTurtles,0x7Ad3b7940e51E358f3827d93E4c811a43fCE986e,1500000000000000000000000
jack,0x7829E1EBb58640709162102B51e2E98d5949Ae1C,1500000000000000000000000
fat_jakey,0xf1c5729c0ae1c7ddfde34b75815023130a66fe6d,1500000000000000000000000
keysikgg,0xBFB9ea32D61954F2AF22724429cb8Ed2CC174420,1500000000000000000000000
aItalianStallion,0xbE81878969a7eE4c067d268E76444c8E7a20975a,1500000000000000000000000
airmc,0xd9BF06357A4884170c7d69D4658DE3404E8D29d6,1500000000000000000000000
ThePedeMan,0x7454544182484559980650A22BCb54b79CAC43a8,1500000000000000000000000
EtherealPip,0x0F619ac3c43c8a3903f47208855B7f6c5D606A61,1500000000000000000000000
jdbender66,0x96B24FDBB7c9e5736837b2DE049B23107fA6e783,1500000000000000000000000
labrav,0xC10fCdcD22482A9b864F7e2835DA3CF642cF1Adf,1500000000000000000000000
alkalinegs,0xe48773e78E45372B1995A518C306D3A2A20d889B,1500000000000000000000000
PretzelPirate,0xe81b23bed2c78eadde3eba97516fd28283cb615d,1500000000000000000000000
Ignatius_G_Reilly,0xf02A803fd2aEdcD774115ca8019a31980C7B428e,1500000000000000000000000
IxyCRO,0x864152087B011f04b4e8Baaa0a210Cb1ae993D0a,1500000000000000000000000
scientic,0xf1A7b8b3d6A69C30883b2a3fB023593d9bB4C81E,1500000000000000000000000
KarbonZ9,0x9a4282498160a41aae26ba00833bd35bf54d53fe,1500000000000000000000000
rxg,0x0aad2888f9c54772f2888201bCb4b4719916F6a3,1500000000000000000000000
ZergShotgunAndYou,0x01a8B3c9893824A6380cf8C3C4c70C756E2228d0,1500000000000000000000000
scheistermeister,0x0ecAC0621567A20022788ff676e4cb56914dE12A,1500000000000000000000000
niklas_buschmann,0xE31EE3FE8580F9fB9F3a1B994718A35B53824337,1500000000000000000000000
CarlOGsan,0xb16686c3e3d1d542547c7114323f279af1d85ffb,1500000000000000000000000
JordanJr,0x7a9B5E9c31CEdf78a8d974df4aec2C0Da2028d8D,1500000000000000000000000
Savage_X,0x000711EfC8912458828b67936Fa49aA5828b4F4c,1500000000000000000000000
zaphod42,0x13c6aFc7f2Bc62B565a03ea83e695d2037928c74,1500000000000000000000000
Betaateb,0x0D15ffD83f7D53f8EFa067Cbd05421767B611282,1500000000000000000000000
econoar,0x3E63BC1385D9D0de4a3a9A5ce251D4b632939F8d,1500000000000000000000000
Berlout,0xfba0cfcd237374f75cdb07aad343b1d495c38d4a,1500000000000000000000000
kbessayli,0xC257e9beBaFDF8E26096e1441461cBA27Ca4ee84,1500000000000000000000000
Temp0ralis,0x0120639fB903039CA834F44Bd6336FbCeDD4183D,1500000000000000000000000
myownman,0x38A82425dD6448d2D5Cb1e813Eb976a5eA8945bC,1500000000000000000000000
treetwig,0xBF486FB1a8c4659BA9e90dcf69b1FB6cB3378E06,1500000000000000000000000
youreadaisyifyoudo,0x20d8c66F12F5eAEa15A183e9351F4096F08C56e5,1500000000000000000000000
Mostofyouareidiots,0x37654aFB6C5997292F85945949eb42F47215Dc9b,1500000000000000000000000
falsesleep,0xbA42AA3b7aBD46Aa7c4524CFa7d17BeBa4fecFCF,1500000000000000000000000
BGoodej,0x667F9592117C7bD354166C6DdD2507D83d5Af055,1500000000000000000000000
KillerDr3w,0xc76d3e51189fe33d74053cb03da5f6059d26291e,1500000000000000000000000
BeerBellyFatAss,0xc30E8f72a8205FCF79C40172A034cfCfcEdd9B50,1500000000000000000000000
ProtegeAA,0x954bC03B086942F9c7595b60A9C11033d141da33,1500000000000000000000000
IDCrypto,0x77890aDa0F2e2Ae297dE9CF52033dC822E991e40,1500000000000000000000000
CrazyCriple,0xf34a18ae5c7dc94292266a852eb72efa7c179b78,1500000000000000000000000
pulsusego,0x8fB7dDB5995369b8b1adaBe94e048E9E7EC25802,1500000000000000000000000
alexiglesias007,0x0642f69c4C4a12310A081C8267e96523953c688d,1500000000000000000000000
slacknation,0x030e01eecdfdd0cc39fac659734ea455d486c6d1,1500000000000000000000000
youssefkiev,0x238ec980f73a039420551bd4556afdf92736cb26,1500000000000000000000000
daniel-sousa-me,0x1227eA9856563907AcF405f851e109B9566B10eC,1500000000000000000000000
malformata,0xe87f1f7fb3e75e42dc262087f2f65085373669b1,1500000000000000000000000
xbiitx,0x81057dc87c05092243c0132402f73417c64e37bb,1500000000000000000000000
drosophila_guy,0x43FA8d95777488ca3D63Fb773fdbCCd5FDffC3d3,1500000000000000000000000
iPwnJ00,0x9f5B1f5837635C2F2347f2036cB86d4eF0F090F1,1500000000000000000000000
itsANameToo,0xfe15Eb65042691Da440718455ac42957E266e5c4,1500000000000000000000000
The_Regend,0xc81535d1ee22350929E4a7ae1F4d20e9Ea81d76F,1500000000000000000000000
Gav0,0xe9FBDbcf36E3c1C7438B70f4B25aBb43b6f499BA,1500000000000000000000000
anarc,0x558a82c3881154C4fdD7DD932F5F98eCb85d0317,1500000000000000000000000
r_bachman,0xF9D5c9A7200E1Ac4A0fD41b2a3d28FF5cf3F2284,1500000000000000000000000
DitiPenguin,0xF7662d30957Cdd805422b47D009b6682860fC8d1,1500000000000000000000000
hdak2323,0xBEe4cEa473697578Cc5D7BEd1265320ba4f497bd,1500000000000000000000000
twigwam,0x18861Ce51DdEBcccFc3e1aF9789E5505923d7645,1500000000000000000000000
IRefuseToGiveAName,0x601b74BA9b364886e15eD605803c3F0d3Fb93F1e,1500000000000000000000000
kilmarta,0xD97EA0796D2B860f992788F4d7Db80f89bb40e8c,1500000000000000000000000
brassboy,0x6543db6eeAaFf057eC27f954D895234787c30D93,1500000000000000000000000
BuddhaSpader,0x6c0E10099F9ffF9A84077242397a33BcF2aB0504,1500000000000000000000000
hawke34,0x2266b51829462081c50d29d11c718bef08db8f6f,1500000000000000000000000
podrock,0x9408187E732fcCF248EfB902C1f10d77831e0A87,1500000000000000000000000
Alarinth,0xe11F90a53F049bf67865EFE69315f8b1046ED00c,1500000000000000000000000
Sacrosacnt,0x1623C2D90BED7Cc8DB87a2806713D565c29D4e65,1500000000000000000000000
lhanfan,0xf1b605b9Eb1f0a56B38a69b46c83E60f3EfEd8A1,1500000000000000000000000
towjamb,0xed2fBD742b83130f0281d6E3C14b2FFB2b060291,1500000000000000000000000
mrcarner,0x9FB87596354e9B2d2E3a543201E3043eE4C66D32,1500000000000000000000000
dragonyr,0x5F5056A3899D32b7741DEA4231C347458dbFe923,1500000000000000000000000
MIGHT_BE_TROLLIN,0x951C687934a9Cf89c0cC14FB84C4Ac5DBAFfA9b7,1500000000000000000000000
phatalerror,0x8e0ee6312e67146ee72063e05307cbe39ee6c506,1500000000000000000000000
pinastri,0xf9a2c40E7eC3C8f4f7610e36d5b2340cA6AC71AA,1500000000000000000000000
yosh579,0x6F1EE3e11fd4152393645c105E6426B21746d0d3,1500000000000000000000000
enesimo,0xdc4b4588FC923336a65DbcB1dd576804C772E5d7,1500000000000000000000000
IIIlllIIlIIllI,0xb528119960Ee27B161FF4859Fa8A2bce4E6B4346,1500000000000000000000000
Homie_Domie,0xB7CB9463254cd2B0B0E3efDC0Bc25F879fDFA147,1500000000000000000000000
trezman,0x005b8F97932596a698Eb058Ca269E513e61DCe9B,1500000000000000000000000
IssGonRain,0x466D1c8b892c96bAc12E8BE7434fb588f29eDa8B,1500000000000000000000000
Ethereums_AI,0x7c01f87Bd578C8853e541a7e2c982910FB60928F,1500000000000000000000000
BitEther,0x4444412B1e47DA53065D015931ba4f54b212A55c,1500000000000000000000000
cryptovestor,0x00A32ad2C6d4d5ce0B978e4E0e955e02aBbb70ca,1500000000000000000000000
Arbitrage84,0x9EA4C1eB5f68551B411f686055E1A85D97160f37,1500000000000000000000000
commonreallynow,0x777ed93108C7a2B5AAB4a4EC117ff6C7d868dEbE,1500000000000000000000000
Iruwen,0x1c50b0E9e9B8D40AB1d642dAc774f890113FC172,1500000000000000000000000
Falsen,0x4811dC2e93f3a7e81fB6402342eA8d417868984D,1500000000000000000000000
apfeldirektsaft,0x5ec761aD96d21990c2c86a4841443af01B152f51,1500000000000000000000000
MrKup,0x30520D0A68D315BB819684885b1739E85a2D6ebD,1500000000000000000000000
Barrelz0rz,0x6122a6A39a6C3f2BCd96B929Fc2066204FDb125a,1500000000000000000000000
teeyoovee,0x57f228D82Bef2D30D9c552d26cD78AF8441a0c96,1500000000000000000000000
prais3thesun,0x44b7a8f62cFeED176bDC221F4268Ec030f72EDD3,1500000000000000000000000
mustturd,0x0D44d39c9D2EfbB612E474CDC9686C98df30a0a6,1500000000000000000000000
emsimot,0xA5bBD37e8fB71E504CC65119e19BdeC57c0cc28d,1500000000000000000000000
pask7,0x4DF8583919Cc8cbA9cd4467cd0D76f7eeb68F78a,1500000000000000000000000
Jimmyl101,0xEf7059683fe7d85efcf671c5A0066Bc91b586a4D,1500000000000000000000000
fembot__,0xc0Fe9e17Fc5739E5aE60E8fD04205103e3689155,1500000000000000000000000
ethguy,0x006e208FCB5b03412087388f8826DAe2691c8a96,1500000000000000000000000
DishwashingUnit,0x9Ae8C8FB55BBda8D60f0B036D181675392221BcD,1500000000000000000000000
Gr8onbekende,0xC49814Aa6f67B649B8C4d89C5611255016177F76,1500000000000000000000000
ChaceHunter,0x20e084e3A487fCFe7D185A3780bE248678391dC6,1500000000000000000000000
Onestone,0x0043CB7d79deC0dfCF157127937DBf6CaCDc3759,1500000000000000000000000
runny-eggs,0xA141dF00b9B7c01101200E468Dad38de35f0EefA,1500000000000000000000000
Ignis000,0x1a938e6c500a7d0575c135284723220336ce69c4,1500000000000000000000000
physikal,0xE06976F75260465ee7224e4937150e109cBc1321,1500000000000000000000000
Larryiam,0xc27657a4972cBB54e783ffc36347e0c27885B3AC,1500000000000000000000000
speedtouch,0xC0F920645442a1DeDc252a47bB7dE663d16a65C6,1500000000000000000000000
teethkicker,0xAb5C9b7b4dEE60d11D45010B6cB0783579C06FcC,1500000000000000000000000
ajolsson,0xb3E30dEa4952551D57cBBd64ab850965179Ad2d5,1500000000000000000000000
Ieperen,0x2d2A3e6434d6380483C155474450eC0b08263508,1500000000000000000000000
Visi89,0x0328842b9e2556d51bd30a0c9fdc6a0a61c6ecf1,1500000000000000000000000
feroun_,0xf814f9F29A15bC94578F64335caC51a3ea12D3c3,1500000000000000000000000
Phildos,0xef2bebd1059446f3fc83203c24364e65bd42d103,1500000000000000000000000
AzzX,0x9562f9307B8E4fbEf516a1992F480009d4Ed2220,1500000000000000000000000
OttoYokohama,0x471283879C137e7664680e29923C9F047AfF278c,1500000000000000000000000
GregFoley,0x18B54d66A9067bc71ab3c514c5c95F4E76Baa2d5,1500000000000000000000000
Fargusson,0xD37484Ec2DedE6C85709c048eEf9a392C7D06600,1500000000000000000000000
ExWei,0x29A8e7F69A238cb3f840072617427E244D47C24a,1500000000000000000000000
peakaboothirtytwo,0x3D9D67E45989e0EDA022FaadECee9dd5c6D2e93F,1500000000000000000000000
eze111,0x5FbaBa58aC0Be6b41d7b59d1B135Ce200A35A4A0,1500000000000000000000000
ausgear1,0x4c079bb557C9eBE21550cad54E4322aE2bE9ae8D,1500000000000000000000000
mcgravier,0xb90344ECa45eBa179A042B16ADF4Fe4EC8A0B356,1500000000000000000000000
Ntdark,0xFde3D2362C607E80F3a34ecaEC4D5Fe6a05D8cc8,1500000000000000000000000
akira_fmx,0x61Ff5049A91f08A145e9f7087A09B86Ab15321b7,1500000000000000000000000
mdave1,0xBc66FebB47726a5299e19C869311BEf026e8eEa1,1500000000000000000000000
j1mmyfever,0xE3815F67750452eA486650Ee5ebf179f9B363C7C,1500000000000000000000000
tsmoreau,0x6fdfE41bB55AC2Da30Bee83CF84A38074176D477,1500000000000000000000000
jassjulius,0x9255Cc3b2aF2732aB272E6942D6392Aa431d39b0,1500000000000000000000000
morrius,0xf463f07e370aaa1c14529c2d7ad10dba90ea23b4,1500000000000000000000000
DerScreever,0xCE07678b46E7568274AC1f60091bd27c1A94d15F,1500000000000000000000000
Fishiac,0x0D174f69071434886bb4ee4F2284903CA2278867,1500000000000000000000000
SelaronX,0x0a4c83BAF48550E4C7a4437E08c9c0c399b868a6,1500000000000000000000000
refex91,0xeE155d2f62D3aA69e25dB514b0A0fEC9b7d32a79,1500000000000000000000000
rigario,0x008FdC5fdB74E894288ceB25C91150bD019557E8,1500000000000000000000000
elmariac,0x5653f3073f2E0A9204A72dc8D368Bd64520b717D,1500000000000000000000000
career_donkey,0xeF4F3dbf769F9896e87CAeBd71a77226B49fF1c9,1500000000000000000000000
uz_darhon,0xb800d0dC79C200aD25ad2DE8003f8e26fa47d4D1,1500000000000000000000000
cryptoballer,0x003B193127c22Ea3e1c84C49b3fA46D12C873aC9,1500000000000000000000000
cronian,0x90aa025e8b707af96486344d3f2ed93d6b909603,1500000000000000000000000
jtkvk,0x290045ea88ea184c57129530e4e13dee97bc2021,1500000000000000000000000
d4rkshad0w,0x68174CDB10e9027FA070A3fb1a8281c48dcb34e5,1500000000000000000000000
kootness,0x512baE17a70bbDaCD3F55913eff789F5383e90F6,1500000000000000000000000
Zuzzuc,0x6aD5089703aC058EdFB3978CFEB77451437f8E6b,1500000000000000000000000
theGoodBadandFugly,0xf110B1E97f14Dc1aBfD72BB2026EDabd1CE32d8d,1500000000000000000000000
demonicsmileyface,0x319628C3A0C11C301731eE51FBb5Ad3fccE4378B,1500000000000000000000000
pa7is,0x461871a9ABe747308EbBa96cd8682A33D42c095a,1500000000000000000000000
britm0b,0x30b14F400D795AE5C9078eDaf86F40BEd6edE4D2,1500000000000000000000000
Stiritup15,0x1ED9B4dD61F0Dddf17E2489704499Df43f82aBff,1500000000000000000000000
RyanRyanRyanRyanRyan,0x7CA4Ca9eD5aEb3517040794e706c361c6eB61883,1500000000000000000000000
TheGreatAttacks,0x8C401333C0a9ee432278fE401e6a47ff790542ea,1500000000000000000000000
plarrrt77,0x50a89d1705b838d27C8b81D29C281F058070b08B,1500000000000000000000000
TerpWork,0x427c2229d0f6c0b7D58E04200FbdD8d310C9d777,1500000000000000000000000
proggi1g,0x0F40fDEB9687ce4Cb595F8ae37A33303C03389D3,1500000000000000000000000
bab4m,0x0C3FfB5a8CA67C270149B2D47830962bf7092Cda,1500000000000000000000000
imnotclever2,0x67C932B28bB5D9d8759750a1DD5B264A5A5F7325,1500000000000000000000000
metaln0mad,0x743895bBF06f8fbB77EE902AEBe7bc8331366DeF,1500000000000000000000000
a_magic_wizard,0xe7c6d29970dce7d0f95907f99ed9be2725d123e0,1500000000000000000000000
Almonds,0x28c02E82DF99bf0B7344473570FC6bB815dCE106,1500000000000000000000000
SilverCookies,0xBe14adD47c982FD2Ef7f6Db52505BFA04B6A0B98,1500000000000000000000000
weirdgod,0x00a888a4cAc1a5a82029bff090AadDB98407303A,1500000000000000000000000
radage,0xD53A368690cf977ee022Ffc6D4fDB7664256cd27,1500000000000000000000000
Wooomp,0x4FF9A2Aa2F6aB43661F942231dAEE3a7eCA1b93f,1500000000000000000000000
GenericVodka13,0x28EfC5063E455085E93160529cC6e86FC655f04c,1500000000000000000000000
kevg77,0xe08c5c6d17be3ab837b421723e9215bb9902c9f1,1500000000000000000000000
aviman123,0x152474eb821fB45bd2389345446dB295b7e8f493,1500000000000000000000000
SniperJF,0xfe41580E0452870E9205E9c08D70Cc97fe2FddDC,1500000000000000000000000
robot_master_race,0xD6846f420a7E954FecC9D835b02e71b8De7B33ca,1500000000000000000000000
zrivu,0xf661bb8874CBeee28573AaE232DaA85EFd0310aA,1500000000000000000000000
asifinperson,0x382Edf90cEBd31ae2481b95675fbB25081F83b62,1500000000000000000000000
fauzool,0x2cCd65C9E77149C8D59f977F457A1b7966879436,1500000000000000000000000
Vagus-Stranger,0xa8C00aC92CEe610542Ff4D65d6De5ff319e179BB,1500000000000000000000000
BBtrader,0xEd481BaaCBc6A724FedD876d1b0B0B029b18b641,1500000000000000000000000
ToAlphaCentauriGuy,0x940793a30d819301eaac360529a073f4136551ee,1500000000000000000000000
southeast90,0x88342A4793CbCD73888ff4577E9E78Cd17c9b722,1500000000000000000000000
GreenBeacon,0xDC9F2C10404DD83fAA71F80C2833D69016236c17,1500000000000000000000000
ercpck,0x893088c143e837bf16755ffb9717db314468a5b6,1500000000000000000000000
scott_lew_is,0x00b5F428905DEA1a67940093fFeaCeee58cA91Ae,1500000000000000000000000
phauxtoe,0x62Eca0FB900A26695dD6c0A4fE719987307d4eAE,1500000000000000000000000
CatCattack,0xc49413138c3e6a979dbb13666bc0172246f4c803,1500000000000000000000000
steviefyre,0x1037e7fCd3b1d7d144F8235Fc6906E753aa3Ce57,1500000000000000000000000
rzrkyb,0x43F50AA31Af2f59893857DE411db6147011cC7cC,1500000000000000000000000
Borega,0xC0D3142aF747e2d8C568866C62bE678F29421568,1500000000000000000000000
AgentSuperchillen,0x02EAeC295A904656a334016165Bc885B9C72e864,1500000000000000000000000
Farratn,0xB0c202df8d01C438303A084C96F17762C20C1F77,1500000000000000000000000
Juceer,0x3FcBA74D33201BB3d5213d047b0fAF9460acB85F,1500000000000000000000000
justdriftinaround,0x0190cbcfceba2a520cca97c471372eac20681e36,1500000000000000000000000
kyptoknight,0x00986de0c9b60e79932E11e233D6f03286C1ce93,1500000000000000000000000
realfake808,0xb15cc701dB182fe47CfAE5A95EEd4ca1063CC459,1500000000000000000000000
chauncemaster,0x1FBC877C0dEb4Eee6fd7Aa1580712Bd839426351,1500000000000000000000000
PINKPINGPONGBALL,0x7bF5f99d95706EBA4Bb5D35828922619dAb4B68D,1500000000000000000000000
Bexbox8,0x22fc4336c5bc6540329676d9b1ced39a94804e63,1500000000000000000000000
Philosophengineer,0xeb3acE4227820eC3E6B44461cFD9f103e01DC510,1500000000000000000000000
oxygenoxy,0x0C7683C2599Fb2d33353254a1b267BD811F203A1,1500000000000000000000000
gibzeez,0x8D6A882830a3ADFc2499ACA04a9789676577c6F5,1500000000000000000000000
Semiel,0x8Ad68e2C67B88DEd4B1565D8b9288B665261338d,1500000000000000000000000
paleovanguard,0x906999B54C8fb6d6BeCf118b094c9C43e7BD1E46,1500000000000000000000000
Barbirato,0x005a46c9c9d2A5246205a4A1Bb4940907CDd125E,1500000000000000000000000
TheHealthyCat,0xFAb70d48021e72c449A6111Fc4F40A004a0E52cc,1500000000000000000000000
seblt,0x4aF973f9c9A8404F43980362ed0096Ff521845Ef,1500000000000000000000000
fastlifeblack,0x50cE537ddd25763d7c914262C1794F6bD900c902,1500000000000000000000000
Dark_Ghost,0x8ab0fe3d61e372a0caa2b2acf6d1ffdefd1c645a,1500000000000000000000000
sir_fancypants,0x4681b4A6E40bCA139F008Fb3fCDFa7Bfa4BB5b57,1500000000000000000000000
SweetSweetInternet,0x665c587798844d0604c922fdf740dd85f8a12de0,1500000000000000000000000
3thaddict,0x98F107b73d45C3387B7961259B2c49E2Ca4a0982,1500000000000000000000000
yetami,0xb0b88421D53458f928E91f40374000744822D9D6,1500000000000000000000000
jscinoz,0x36034Cba5413c0678b8256aCd0a87Af4E9D0873A,1500000000000000000000000
mia109,0xbaD7207A9B88bD824D35638Ad547715224BeB3c1,1500000000000000000000000
chid3x,0xE13C6dC69B7ff1A7BA08A9dC2DD2Ac219A34133E,1500000000000000000000000
SwaroopHegde,0x7b07F01602b6411bdAeE69251F0cE27484cC4d41,1500000000000000000000000
Ethorse,0x9786C7774EF670B3FcAA2b4A39a386F4D7fC7Bf4,1500000000000000000000000
crusnik37,0xCb886add661f26cccCEC9A29f3F0EAb9bA727DF4,1500000000000000000000000
brunitob,0x7ff8b020C2eCD40613063Ae1D2ee6A2A383793fA,1500000000000000000000000
ilcato,0x5d2e54d122D40094C55445e86debd1E2aA4D24ca,1500000000000000000000000
r2d2123,0xB63f6192bB05A7D2936479B534531E34d1E0081D,1500000000000000000000000
BoominBuddha,0xAB15076043584c67687B3674c15DbccCaAB69eFF,1500000000000000000000000